date,ticker,price,action,position,cash,portfolio_value,decision_score,decision_confidence,decision_thesis,returns
2024-02-05,NVDA,69.33200073242188,sell,-5.0,100346.31334365845,99999.65333999634,-0.75,0.85,"NVDA is significantly overvalued based on extremely high P/E (311x) and P/FCF (479x) multiples, indicating the market is pricing in exceptional growth that is not currently supported by fundamentals. Despite positive recent price momentum, the company’s free cash flow and net income are modest relative to its market cap, suggesting limited margin for valuation expansion. Without strong sentiment or management commentary to justify the premium, a conservative stance favors selling.",0.0
2024-02-06,NVDA,68.2229995727539,sell,-10.0,100687.08722652435,100004.85723079681,-0.7,0.85,"NVDA is significantly overvalued based on extremely high P/E (306x) and P/FCF (471x) multiples relative to its current profitability and cash flow generation. Despite strong revenue, operating income and net income margins are modest, and free cash flow is relatively low, indicating limited margin for valuation expansion. The rule-based valuation prior at -1.0 and lack of positive sentiment or recent filing catalysts further support a conservative sell stance.",5.203908840356597e-05
2024-02-07,NVDA,70.0989990234375,sell,-15.0,101037.23172664642,99985.74674129486,-0.8,0.85,"NVDA is significantly overvalued based on extremely high valuation multiples (P/E > 300, P/FCF > 480) despite solid revenue and profitability. The free cash flow generation is modest relative to market cap, indicating the current price is not supported by fundamentals. Without positive sentiment or management commentary to justify premium valuation, a conservative stance is to sell.",-0.00019109561306451806
2024-02-08,NVDA,69.64099884033203,sell,-20.0,101385.08851585389,99992.26853904725,-0.8,0.85,"NVDA is significantly overvalued based on extremely high valuation multiples (P/E over 300, P/FCF near 481) that are not supported by its current profitability or cash flow generation. Despite strong revenue, the operating and net income margins are modest relative to price, indicating limited margin for error. Without positive sentiment or recent management commentary to justify the premium, a conservative stance favors selling.",6.522727453606159e-05
2024-02-09,NVDA,72.13300323486328,sell,-25.0,101745.39286701204,99942.06778614045,-0.8,0.85,"NVDA is significantly overvalued based on extremely high valuation multiples, including a P/E above 320 and P/FCF near 500, which are not supported by its current profitability or cash flow generation. The company’s free cash flow and net income margins are modest relative to its market capitalization, indicating stretched expectations. Without positive sentiment inputs or recent management commentary suggesting a turnaround, a conservative stance favors selling or avoiding new positions.",-0.0005020463445850609
2024-02-12,NVDA,72.24800109863281,sell,-25.0,101745.39286701204,99939.19283954622,-0.8,0.85,"NVDA is significantly overvalued based on extremely high valuation multiples, including a P/E above 320 and P/FCF near 500, which are not supported by its current profitability or cash flow generation. The company’s free cash flow and net income margins are modest relative to its market capitalization, indicating stretched expectations. Without positive sentiment inputs or recent management commentary suggesting a turnaround, a conservative stance favors selling or avoiding new positions.",-2.8766130798829614e-05
2024-02-13,NVDA,72.12799835205078,sell,-25.0,101745.39286701204,99942.19290821077,-0.8,0.85,"NVDA is significantly overvalued based on extremely high valuation multiples, including a P/E above 320 and P/FCF near 500, which are not supported by its current profitability or cash flow generation. The company’s free cash flow and net income margins are modest relative to its market capitalization, indicating stretched expectations. Without positive sentiment inputs or recent management commentary suggesting a turnaround, a conservative stance favors selling or avoiding new positions.",3.0018940310627684e-05
2024-02-14,NVDA,73.9000015258789,sell,-25.0,101745.39286701204,99897.89282886506,-0.8,0.85,"NVDA is significantly overvalued based on extremely high valuation multiples, including a P/E above 320 and P/FCF near 500, which are not supported by its current profitability or cash flow generation. The company’s free cash flow and net income margins are modest relative to its market capitalization, indicating stretched expectations. Without positive sentiment inputs or recent management commentary suggesting a turnaround, a conservative stance favors selling or avoiding new positions.",-0.0004432570274537362
2024-02-15,NVDA,72.65799713134766,sell,-25.0,101745.39286701204,99928.94293872835,-0.8,0.85,"NVDA is significantly overvalued based on extremely high valuation multiples, including a P/E above 320 and P/FCF near 500, which are not supported by its current profitability or cash flow generation. The company’s free cash flow and net income margins are modest relative to its market capitalization, indicating stretched expectations. Without positive sentiment inputs or recent management commentary suggesting a turnaround, a conservative stance favors selling or avoiding new positions.",0.0003108184665763236
2024-02-16,NVDA,72.61299896240234,sell,-25.0,101745.39286701204,99930.06789295198,-0.8,0.85,"NVDA is significantly overvalued based on extremely high valuation multiples, including a P/E above 320 and P/FCF near 500, which are not supported by its current profitability or cash flow generation. The company’s free cash flow and net income margins are modest relative to its market capitalization, indicating stretched expectations. Without positive sentiment inputs or recent management commentary suggesting a turnaround, a conservative stance favors selling or avoiding new positions.",1.1257541514542169e-05
2024-02-20,NVDA,69.4520034790039,sell,-25.0,101745.39286701204,100009.09278003694,-0.8,0.85,"NVDA is significantly overvalued based on extremely high valuation multiples, including a P/E above 320 and P/FCF near 500, which are not supported by its current profitability or cash flow generation. The company’s free cash flow and net income margins are modest relative to its market capitalization, indicating stretched expectations. Without positive sentiment inputs or recent management commentary suggesting a turnaround, a conservative stance favors selling or avoiding new positions.",0.0007908018952775819
2024-02-21,NVDA,67.47200012207031,sell,-25.0,101745.39286701204,100058.59286396028,-0.8,0.85,"NVDA is significantly overvalued based on extremely high valuation multiples, including a P/E above 320 and P/FCF near 500, which are not supported by its current profitability or cash flow generation. The company’s free cash flow and net income margins are modest relative to its market capitalization, indicating stretched expectations. Without positive sentiment inputs or recent management commentary suggesting a turnaround, a conservative stance favors selling or avoiding new positions.",0.0004949558339881754
2024-02-22,NVDA,78.53800201416016,sell,-25.0,101745.39286701204,99781.94281665803,-0.8,0.85,"NVDA is significantly overvalued based on extremely high valuation multiples, including a P/E above 320 and P/FCF near 500, which are not supported by its current profitability or cash flow generation. The company’s free cash flow and net income margins are modest relative to its market capitalization, indicating stretched expectations. Without positive sentiment inputs or recent management commentary suggesting a turnaround, a conservative stance favors selling or avoiding new positions.",-0.0027648804503814794
2024-02-23,NVDA,78.81700134277344,sell,-25.0,101745.39286701204,99774.9678334427,-0.8,0.85,"NVDA is significantly overvalued based on extremely high valuation multiples, including a P/E above 320 and P/FCF near 500, which are not supported by its current profitability or cash flow generation. The company’s free cash flow and net income margins are modest relative to its market capitalization, indicating stretched expectations. Without positive sentiment inputs or recent management commentary suggesting a turnaround, a conservative stance favors selling or avoiding new positions.",-6.990225905045833e-05
2024-02-26,NVDA,79.09200286865234,sell,-25.0,101745.39286701204,99768.09279529573,-0.8,0.85,"NVDA is significantly overvalued based on extremely high valuation multiples, including a P/E above 320 and P/FCF near 500, which are not supported by its current profitability or cash flow generation. The company’s free cash flow and net income margins are modest relative to its market capitalization, indicating stretched expectations. Without positive sentiment inputs or recent management commentary suggesting a turnaround, a conservative stance favors selling or avoiding new positions.",-6.89054408762324e-05
2024-02-27,NVDA,78.70099639892578,sell,-25.0,101745.39286701204,99777.86795703889,-0.8,0.85,"NVDA is significantly overvalued based on extremely high valuation multiples, including a P/E above 320 and P/FCF near 500, which are not supported by its current profitability or cash flow generation. The company’s free cash flow and net income margins are modest relative to its market capitalization, indicating stretched expectations. Without positive sentiment inputs or recent management commentary suggesting a turnaround, a conservative stance favors selling or avoiding new positions.",9.797883741469171e-05
2024-02-28,NVDA,77.66300201416016,sell,-25.0,101745.39286701204,99803.81781665803,-0.8,0.85,"NVDA is significantly overvalued based on extremely high valuation multiples, including a P/E above 320 and P/FCF near 500, which are not supported by its current profitability or cash flow generation. The company’s free cash flow and net income margins are modest relative to its market capitalization, indicating stretched expectations. Without positive sentiment inputs or recent management commentary suggesting a turnaround, a conservative stance favors selling or avoiding new positions.",0.00026007630900992673
2024-02-29,NVDA,79.11199951171875,sell,-25.0,101745.39286701204,99767.59287921907,-0.8,0.85,"NVDA is significantly overvalued based on extremely high valuation multiples, including a P/E above 320 and P/FCF near 500, which are not supported by its current profitability or cash flow generation. The company’s free cash flow and net income margins are modest relative to its market capitalization, indicating stretched expectations. Without positive sentiment inputs or recent management commentary suggesting a turnaround, a conservative stance favors selling or avoiding new positions.",-0.0003629614400674219
2024-03-01,NVDA,82.27899932861328,sell,-25.0,101745.39286701204,99688.4178837967,-0.8,0.85,"NVDA is significantly overvalued based on extremely high valuation multiples, including a P/E above 320 and P/FCF near 500, which are not supported by its current profitability or cash flow generation. The company’s free cash flow and net income margins are modest relative to its market capitalization, indicating stretched expectations. Without positive sentiment inputs or recent management commentary suggesting a turnaround, a conservative stance favors selling or avoiding new positions.",-0.000793594323942548
2024-03-04,NVDA,85.23699951171875,sell,-25.0,101745.39286701204,99614.46787921907,-0.8,0.85,"NVDA is significantly overvalued based on extremely high valuation multiples, including a P/E above 320 and P/FCF near 500, which are not supported by its current profitability or cash flow generation. The company’s free cash flow and net income margins are modest relative to its market capitalization, indicating stretched expectations. Without positive sentiment inputs or recent management commentary suggesting a turnaround, a conservative stance favors selling or avoiding new positions.",-0.0007418113974266838
2024-03-05,NVDA,85.96399688720703,sell,-25.0,101745.39286701204,99596.29294483186,-0.8,0.85,"NVDA is significantly overvalued based on extremely high valuation multiples, including a P/E above 320 and P/FCF near 500, which are not supported by its current profitability or cash flow generation. The company’s free cash flow and net income margins are modest relative to its market capitalization, indicating stretched expectations. Without positive sentiment inputs or recent management commentary suggesting a turnaround, a conservative stance favors selling or avoiding new positions.",-0.00018245275785888637
2024-03-06,NVDA,88.69999694824219,sell,-25.0,101745.39286701204,99527.89294330598,-0.8,0.85,"NVDA is significantly overvalued based on extremely high valuation multiples, including a P/E above 320 and P/FCF near 500, which are not supported by its current profitability or cash flow generation. The company’s free cash flow and net income margins are modest relative to its market capitalization, indicating stretched expectations. Without positive sentiment inputs or recent management commentary suggesting a turnaround, a conservative stance favors selling or avoiding new positions.",-0.0006867725645548495
2024-03-07,NVDA,92.66899871826172,sell,-25.0,101745.39286701204,99428.6678990555,-0.8,0.85,"NVDA is significantly overvalued based on extremely high valuation multiples, including a P/E above 320 and P/FCF near 500, which are not supported by its current profitability or cash flow generation. The company’s free cash flow and net income margins are modest relative to its market capitalization, indicating stretched expectations. Without positive sentiment inputs or recent management commentary suggesting a turnaround, a conservative stance favors selling or avoiding new positions.",-0.000996957147550659
2024-03-08,NVDA,87.52799987792969,sell,-25.0,101745.39286701204,99557.1928700638,-0.8,0.85,"NVDA is significantly overvalued based on extremely high valuation multiples, including a P/E above 320 and P/FCF near 500, which are not supported by its current profitability or cash flow generation. The company’s free cash flow and net income margins are modest relative to its market capitalization, indicating stretched expectations. Without positive sentiment inputs or recent management commentary suggesting a turnaround, a conservative stance favors selling or avoiding new positions.",0.0012926349484918553
2024-03-11,NVDA,85.77400207519531,sell,-25.0,101745.39286701204,99601.04281513215,-0.8,0.85,"NVDA is significantly overvalued based on extremely high valuation multiples, including a P/E above 320 and P/FCF near 500, which are not supported by its current profitability or cash flow generation. The company’s free cash flow and net income margins are modest relative to its market capitalization, indicating stretched expectations. Without positive sentiment inputs or recent management commentary suggesting a turnaround, a conservative stance favors selling or avoiding new positions.",0.00044044979377422244
2024-03-12,NVDA,91.91300201416016,sell,-25.0,101745.39286701204,99447.56781665803,-0.8,0.85,"NVDA is significantly overvalued based on extremely high valuation multiples, including a P/E above 320 and P/FCF near 500, which are not supported by its current profitability or cash flow generation. The company’s free cash flow and net income margins are modest relative to its market capitalization, indicating stretched expectations. Without positive sentiment inputs or recent management commentary suggesting a turnaround, a conservative stance favors selling or avoiding new positions.",-0.0015408975060530183
2024-03-13,NVDA,90.88800048828125,sell,-25.0,101745.39286701204,99473.192854805,-0.8,0.85,"NVDA is significantly overvalued based on extremely high valuation multiples, including a P/E above 320 and P/FCF near 500, which are not supported by its current profitability or cash flow generation. The company’s free cash flow and net income margins are modest relative to its market capitalization, indicating stretched expectations. Without positive sentiment inputs or recent management commentary suggesting a turnaround, a conservative stance favors selling or avoiding new positions.",0.00025767385477148963
2024-03-14,NVDA,87.94400024414062,sell,-25.0,101745.39286701204,99546.79286090852,-0.8,0.85,"NVDA is significantly overvalued based on extremely high valuation multiples, including a P/E above 320 and P/FCF near 500, which are not supported by its current profitability or cash flow generation. The company’s free cash flow and net income margins are modest relative to its market capitalization, indicating stretched expectations. Without positive sentiment inputs or recent management commentary suggesting a turnaround, a conservative stance favors selling or avoiding new positions.",0.000739897896018471
2024-03-15,NVDA,87.83699798583984,sell,-25.0,101745.39286701204,99549.46791736604,-0.8,0.85,"NVDA is significantly overvalued based on extremely high valuation multiples, including a P/E above 320 and P/FCF near 500, which are not supported by its current profitability or cash flow generation. The company’s free cash flow and net income margins are modest relative to its market capitalization, indicating stretched expectations. Without positive sentiment inputs or recent management commentary suggesting a turnaround, a conservative stance favors selling or avoiding new positions.",2.687235199294591e-05
2024-03-18,NVDA,88.45500183105469,sell,-25.0,101745.39286701204,99534.01782123567,-0.8,0.85,"NVDA is significantly overvalued based on extremely high valuation multiples, including a P/E above 320 and P/FCF near 500, which are not supported by its current profitability or cash flow generation. The company’s free cash flow and net income margins are modest relative to its market capitalization, indicating stretched expectations. Without positive sentiment inputs or recent management commentary suggesting a turnaround, a conservative stance favors selling or avoiding new positions.",-0.00015520018794268342
2024-03-19,NVDA,89.39800262451172,sell,-25.0,101745.39286701204,99510.44280139924,-0.8,0.85,"NVDA is significantly overvalued based on extremely high valuation multiples, including a P/E above 320 and P/FCF near 500, which are not supported by its current profitability or cash flow generation. The company’s free cash flow and net income margins are modest relative to its market capitalization, indicating stretched expectations. Without positive sentiment inputs or recent management commentary suggesting a turnaround, a conservative stance favors selling or avoiding new positions.",-0.00023685389530614387
2024-03-20,NVDA,90.37200164794922,sell,-25.0,101745.39286701204,99486.0928258133,-0.8,0.85,"NVDA is significantly overvalued based on extremely high valuation multiples, including a P/E above 320 and P/FCF near 500, which are not supported by its current profitability or cash flow generation. The company’s free cash flow and net income margins are modest relative to its market capitalization, indicating stretched expectations. Without positive sentiment inputs or recent management commentary suggesting a turnaround, a conservative stance favors selling or avoiding new positions.",-0.0002446976910205345
2024-03-21,NVDA,91.43499755859375,sell,-25.0,101745.39286701204,99459.5179280472,-0.8,0.85,"NVDA is significantly overvalued based on extremely high valuation multiples, including a P/E above 320 and P/FCF near 500, which are not supported by its current profitability or cash flow generation. The company’s free cash flow and net income margins are modest relative to its market capitalization, indicating stretched expectations. Without positive sentiment inputs or recent management commentary suggesting a turnaround, a conservative stance favors selling or avoiding new positions.",-0.00026712173542331463
2024-03-22,NVDA,94.28900146484375,sell,-25.0,101745.39286701204,99388.16783039094,-0.8,0.85,"NVDA is significantly overvalued based on extremely high valuation multiples, including a P/E above 320 and P/FCF near 500, which are not supported by its current profitability or cash flow generation. The company’s free cash flow and net income margins are modest relative to its market capitalization, indicating stretched expectations. Without positive sentiment inputs or recent management commentary suggesting a turnaround, a conservative stance favors selling or avoiding new positions.",-0.0007173782775407034
2024-03-25,NVDA,95.00199890136719,sell,-25.0,101745.39286701204,99370.34289447786,-0.8,0.85,"NVDA is significantly overvalued based on extremely high valuation multiples, including a P/E above 320 and P/FCF near 500, which are not supported by its current profitability or cash flow generation. The company’s free cash flow and net income margins are modest relative to its market capitalization, indicating stretched expectations. Without positive sentiment inputs or recent management commentary suggesting a turnaround, a conservative stance favors selling or avoiding new positions.",-0.00017934665968999397
2024-03-26,NVDA,92.56099700927734,sell,-25.0,101745.39286701204,99431.3679417801,-0.8,0.85,"NVDA is significantly overvalued based on extremely high valuation multiples, including a P/E above 320 and P/FCF near 500, which are not supported by its current profitability or cash flow generation. The company’s free cash flow and net income margins are modest relative to its market capitalization, indicating stretched expectations. Without positive sentiment inputs or recent management commentary suggesting a turnaround, a conservative stance favors selling or avoiding new positions.",0.000614117306277695
2024-03-27,NVDA,90.25,sell,-25.0,101745.39286701204,99489.14286701204,-0.8,0.85,"NVDA is significantly overvalued based on extremely high valuation multiples, including a P/E above 320 and P/FCF near 500, which are not supported by its current profitability or cash flow generation. The company’s free cash flow and net income margins are modest relative to its market capitalization, indicating stretched expectations. Without positive sentiment inputs or recent management commentary suggesting a turnaround, a conservative stance favors selling or avoiding new positions.",0.0005810533077021951
2024-03-28,NVDA,90.35600280761719,sell,-25.0,101745.39286701204,99486.4927968216,-0.8,0.85,"NVDA is significantly overvalued based on extremely high valuation multiples, including a P/E above 320 and P/FCF near 500, which are not supported by its current profitability or cash flow generation. The company’s free cash flow and net income margins are modest relative to its market capitalization, indicating stretched expectations. Without positive sentiment inputs or recent management commentary suggesting a turnaround, a conservative stance favors selling or avoiding new positions.",-2.6636777783584087e-05
2024-04-01,NVDA,90.36299896240234,sell,-25.0,101745.39286701204,99486.31789295198,-0.8,0.85,"NVDA is significantly overvalued based on extremely high valuation multiples, including a P/E above 320 and P/FCF near 500, which are not supported by its current profitability or cash flow generation. The company’s free cash flow and net income margins are modest relative to its market capitalization, indicating stretched expectations. Without positive sentiment inputs or recent management commentary suggesting a turnaround, a conservative stance favors selling or avoiding new positions.",-1.7580664943839253e-06
2024-04-02,NVDA,89.4520034790039,sell,-25.0,101745.39286701204,99509.09278003694,-0.8,0.85,"NVDA is significantly overvalued based on extremely high valuation multiples, including a P/E above 320 and P/FCF near 500, which are not supported by its current profitability or cash flow generation. The company’s free cash flow and net income margins are modest relative to its market capitalization, indicating stretched expectations. Without positive sentiment inputs or recent management commentary suggesting a turnaround, a conservative stance favors selling or avoiding new positions.",0.0002289248166713609
2024-04-03,NVDA,88.96399688720703,sell,-25.0,101745.39286701204,99521.29294483186,-0.8,0.85,"NVDA is significantly overvalued based on extremely high valuation multiples, including a P/E above 320 and P/FCF near 500, which are not supported by its current profitability or cash flow generation. The company’s free cash flow and net income margins are modest relative to its market capitalization, indicating stretched expectations. Without positive sentiment inputs or recent management commentary suggesting a turnaround, a conservative stance favors selling or avoiding new positions.",0.00012260351746840037
2024-04-04,NVDA,85.90499877929688,sell,-25.0,101745.39286701204,99597.76789752961,-0.8,0.85,"NVDA is significantly overvalued based on extremely high valuation multiples, including a P/E above 320 and P/FCF near 500, which are not supported by its current profitability or cash flow generation. The company’s free cash flow and net income margins are modest relative to its market capitalization, indicating stretched expectations. Without positive sentiment inputs or recent management commentary suggesting a turnaround, a conservative stance favors selling or avoiding new positions.",0.0007684280462487703
2024-04-05,NVDA,88.00800323486328,sell,-25.0,101745.39286701204,99545.19278614045,-0.8,0.85,"NVDA is significantly overvalued based on extremely high valuation multiples, including a P/E above 320 and P/FCF near 500, which are not supported by its current profitability or cash flow generation. The company’s free cash flow and net income margins are modest relative to its market capitalization, indicating stretched expectations. Without positive sentiment inputs or recent management commentary suggesting a turnaround, a conservative stance favors selling or avoiding new positions.",-0.0005278743941656838
2024-04-08,NVDA,87.13300323486328,sell,-25.0,101745.39286701204,99567.06778614045,-0.8,0.85,"NVDA is significantly overvalued based on extremely high valuation multiples, including a P/E above 320 and P/FCF near 500, which are not supported by its current profitability or cash flow generation. The company’s free cash flow and net income margins are modest relative to its market capitalization, indicating stretched expectations. Without positive sentiment inputs or recent management commentary suggesting a turnaround, a conservative stance favors selling or avoiding new positions.",0.00021974943628855215
2024-04-09,NVDA,85.35399627685547,sell,-25.0,101745.39286701204,99611.54296009065,-0.8,0.85,"NVDA is significantly overvalued based on extremely high valuation multiples, including a P/E above 320 and P/FCF near 500, which are not supported by its current profitability or cash flow generation. The company’s free cash flow and net income margins are modest relative to its market capitalization, indicating stretched expectations. Without positive sentiment inputs or recent management commentary suggesting a turnaround, a conservative stance favors selling or avoiding new positions.",0.00044668558529536995
2024-04-10,NVDA,87.03900146484375,sell,-25.0,101745.39286701204,99569.41783039094,-0.8,0.85,"NVDA is significantly overvalued based on extremely high valuation multiples, including a P/E above 320 and P/FCF near 500, which are not supported by its current profitability or cash flow generation. The company’s free cash flow and net income margins are modest relative to its market capitalization, indicating stretched expectations. Without positive sentiment inputs or recent management commentary suggesting a turnaround, a conservative stance favors selling or avoiding new positions.",-0.00042289405873963126
2024-04-11,NVDA,90.61599731445312,sell,-25.0,101745.39286701204,99479.99293415071,-0.8,0.85,"NVDA is significantly overvalued based on extremely high valuation multiples, including a P/E above 320 and P/FCF near 500, which are not supported by its current profitability or cash flow generation. The company’s free cash flow and net income margins are modest relative to its market capitalization, indicating stretched expectations. Without positive sentiment inputs or recent management commentary suggesting a turnaround, a conservative stance favors selling or avoiding new positions.",-0.0008981160901488927
2024-04-12,NVDA,88.18599700927734,sell,-25.0,101745.39286701204,99540.7429417801,-0.8,0.85,"NVDA is significantly overvalued based on extremely high valuation multiples, including a P/E above 320 and P/FCF near 500, which are not supported by its current profitability or cash flow generation. The company’s free cash flow and net income margins are modest relative to its market capitalization, indicating stretched expectations. Without positive sentiment inputs or recent management commentary suggesting a turnaround, a conservative stance favors selling or avoiding new positions.",0.0006106756327335372
2024-04-15,NVDA,86.0009994506836,sell,-25.0,101745.39286701204,99595.36788074495,-0.8,0.85,"NVDA is significantly overvalued based on extremely high valuation multiples, including a P/E above 320 and P/FCF near 500, which are not supported by its current profitability or cash flow generation. The company’s free cash flow and net income margins are modest relative to its market capitalization, indicating stretched expectations. Without positive sentiment inputs or recent management commentary suggesting a turnaround, a conservative stance favors selling or avoiding new positions.",0.0005487696530133146
2024-04-16,NVDA,87.41500091552734,sell,-25.0,101745.39286701204,99560.01784412385,-0.8,0.85,"NVDA is significantly overvalued based on extremely high valuation multiples, including a P/E above 320 and P/FCF near 500, which are not supported by its current profitability or cash flow generation. The company’s free cash flow and net income margins are modest relative to its market capitalization, indicating stretched expectations. Without positive sentiment inputs or recent management commentary suggesting a turnaround, a conservative stance favors selling or avoiding new positions.",-0.00035493655350937736
2024-04-17,NVDA,84.03500366210938,sell,-25.0,101745.39286701204,99644.5177754593,-0.8,0.85,"NVDA is significantly overvalued based on extremely high valuation multiples, including a P/E above 320 and P/FCF near 500, which are not supported by its current profitability or cash flow generation. The company’s free cash flow and net income margins are modest relative to its market capitalization, indicating stretched expectations. Without positive sentiment inputs or recent management commentary suggesting a turnaround, a conservative stance favors selling or avoiding new positions.",0.000848733589700057
2024-04-18,NVDA,84.6709976196289,sell,-25.0,101745.39286701204,99628.61792652131,-0.8,0.85,"NVDA is significantly overvalued based on extremely high valuation multiples, including a P/E above 320 and P/FCF near 500, which are not supported by its current profitability or cash flow generation. The company’s free cash flow and net income margins are modest relative to its market capitalization, indicating stretched expectations. Without positive sentiment inputs or recent management commentary suggesting a turnaround, a conservative stance favors selling or avoiding new positions.",-0.00015956571714081935
2024-04-19,NVDA,76.19999694824219,sell,-25.0,101745.39286701204,99840.39294330598,-0.8,0.85,"NVDA is significantly overvalued based on extremely high valuation multiples, including a P/E above 320 and P/FCF near 500, which are not supported by its current profitability or cash flow generation. The company’s free cash flow and net income margins are modest relative to its market capitalization, indicating stretched expectations. Without positive sentiment inputs or recent management commentary suggesting a turnaround, a conservative stance favors selling or avoiding new positions.",0.0021256444302064637
2024-04-22,NVDA,79.51799774169922,sell,-25.0,101745.39286701204,99757.44292346956,-0.8,0.85,"NVDA is significantly overvalued based on extremely high valuation multiples, including a P/E above 320 and P/FCF near 500, which are not supported by its current profitability or cash flow generation. The company’s free cash flow and net income margins are modest relative to its market capitalization, indicating stretched expectations. Without positive sentiment inputs or recent management commentary suggesting a turnaround, a conservative stance favors selling or avoiding new positions.",-0.0008308262556971924
2024-04-23,NVDA,82.4229965209961,sell,-25.0,101745.39286701204,99684.81795398713,-0.8,0.85,"NVDA is significantly overvalued based on extremely high valuation multiples, including a P/E above 320 and P/FCF near 500, which are not supported by its current profitability or cash flow generation. The company’s free cash flow and net income margins are modest relative to its market capitalization, indicating stretched expectations. Without positive sentiment inputs or recent management commentary suggesting a turnaround, a conservative stance favors selling or avoiding new positions.",-0.0007280155480542394
2024-04-24,NVDA,79.677001953125,sell,-25.0,101745.39286701204,99753.46781818391,-0.8,0.85,"NVDA is significantly overvalued based on extremely high valuation multiples, including a P/E above 320 and P/FCF near 500, which are not supported by its current profitability or cash flow generation. The company’s free cash flow and net income margins are modest relative to its market capitalization, indicating stretched expectations. Without positive sentiment inputs or recent management commentary suggesting a turnaround, a conservative stance favors selling or avoiding new positions.",0.0006886692036540687
2024-04-25,NVDA,82.63200378417969,sell,-25.0,101745.39286701204,99679.59277240754,-0.8,0.85,"NVDA is significantly overvalued based on extremely high valuation multiples, including a P/E above 320 and P/FCF near 500, which are not supported by its current profitability or cash flow generation. The company’s free cash flow and net income margins are modest relative to its market capitalization, indicating stretched expectations. Without positive sentiment inputs or recent management commentary suggesting a turnaround, a conservative stance favors selling or avoiding new positions.",-0.0007405762164681695
2024-04-26,NVDA,87.73500061035156,sell,-25.0,101745.39286701204,99552.01785175325,-0.8,0.85,"NVDA is significantly overvalued based on extremely high valuation multiples, including a P/E above 320 and P/FCF near 500, which are not supported by its current profitability or cash flow generation. The company’s free cash flow and net income margins are modest relative to its market capitalization, indicating stretched expectations. Without positive sentiment inputs or recent management commentary suggesting a turnaround, a conservative stance favors selling or avoiding new positions.",-0.0012798499382474793
2024-04-29,NVDA,87.75700378417969,sell,-25.0,101745.39286701204,99551.46777240754,-0.8,0.85,"NVDA is significantly overvalued based on extremely high valuation multiples, including a P/E above 320 and P/FCF near 500, which are not supported by its current profitability or cash flow generation. The company’s free cash flow and net income margins are modest relative to its market capitalization, indicating stretched expectations. Without positive sentiment inputs or recent management commentary suggesting a turnaround, a conservative stance favors selling or avoiding new positions.",-5.525546920792657e-06
2024-04-30,NVDA,86.4020004272461,sell,-25.0,101745.39286701204,99585.34285633088,-0.8,0.85,"NVDA is significantly overvalued based on extremely high valuation multiples, including a P/E above 320 and P/FCF near 500, which are not supported by its current profitability or cash flow generation. The company’s free cash flow and net income margins are modest relative to its market capitalization, indicating stretched expectations. Without positive sentiment inputs or recent management commentary suggesting a turnaround, a conservative stance favors selling or avoiding new positions.",0.00034027709165251885
2024-05-01,NVDA,83.04100036621094,sell,-25.0,101745.39286701204,99669.36785785676,-0.8,0.85,"NVDA is significantly overvalued based on extremely high valuation multiples, including a P/E above 320 and P/FCF near 500, which are not supported by its current profitability or cash flow generation. The company’s free cash flow and net income margins are modest relative to its market capitalization, indicating stretched expectations. Without positive sentiment inputs or recent management commentary suggesting a turnaround, a conservative stance favors selling or avoiding new positions.",0.0008437486794325988
2024-05-02,NVDA,85.81700134277344,sell,-25.0,101745.39286701204,99599.9678334427,-0.8,0.85,"NVDA is significantly overvalued based on extremely high valuation multiples, including a P/E above 320 and P/FCF near 500, which are not supported by its current profitability or cash flow generation. The company’s free cash flow and net income margins are modest relative to its market capitalization, indicating stretched expectations. Without positive sentiment inputs or recent management commentary suggesting a turnaround, a conservative stance favors selling or avoiding new positions.",-0.0006963024438264576
2024-05-03,NVDA,88.78900146484375,sell,-25.0,101745.39286701204,99525.66783039094,-0.8,0.85,"NVDA is significantly overvalued based on extremely high valuation multiples, including a P/E above 320 and P/FCF near 500, which are not supported by its current profitability or cash flow generation. The company’s free cash flow and net income margins are modest relative to its market capitalization, indicating stretched expectations. Without positive sentiment inputs or recent management commentary suggesting a turnaround, a conservative stance favors selling or avoiding new positions.",-0.0007459842073042067
2024-05-06,NVDA,92.13999938964844,sell,-25.0,101745.39286701204,99441.89288227083,-0.8,0.85,"NVDA is significantly overvalued based on extremely high valuation multiples, including a P/E above 320 and P/FCF near 500, which are not supported by its current profitability or cash flow generation. The company’s free cash flow and net income margins are modest relative to its market capitalization, indicating stretched expectations. Without positive sentiment inputs or recent management commentary suggesting a turnaround, a conservative stance favors selling or avoiding new positions.",-0.0008417421349322662
2024-05-07,NVDA,90.55400085449219,sell,-25.0,101745.39286701204,99481.54284564973,-0.8,0.85,"NVDA is significantly overvalued based on extremely high valuation multiples, including a P/E above 320 and P/FCF near 500, which are not supported by its current profitability or cash flow generation. The company’s free cash flow and net income margins are modest relative to its market capitalization, indicating stretched expectations. Without positive sentiment inputs or recent management commentary suggesting a turnaround, a conservative stance favors selling or avoiding new positions.",0.00039872494609327624
2024-05-08,NVDA,90.41200256347656,sell,-25.0,101745.39286701204,99485.09280292512,-0.8,0.85,"NVDA is significantly overvalued based on extremely high valuation multiples, including a P/E above 320 and P/FCF near 500, which are not supported by its current profitability or cash flow generation. The company’s free cash flow and net income margins are modest relative to its market capitalization, indicating stretched expectations. Without positive sentiment inputs or recent management commentary suggesting a turnaround, a conservative stance favors selling or avoiding new positions.",3.568458202241054e-05
2024-05-09,NVDA,88.74700164794922,sell,-25.0,101745.39286701204,99526.7178258133,-0.8,0.85,"NVDA is significantly overvalued based on extremely high valuation multiples, including a P/E above 320 and P/FCF near 500, which are not supported by its current profitability or cash flow generation. The company’s free cash flow and net income margins are modest relative to its market capitalization, indicating stretched expectations. Without positive sentiment inputs or recent management commentary suggesting a turnaround, a conservative stance favors selling or avoiding new positions.",0.0004184046244057882
2024-05-10,NVDA,89.87799835205078,sell,-25.0,101745.39286701204,99498.44290821077,-0.8,0.85,"NVDA is significantly overvalued based on extremely high valuation multiples, including a P/E above 320 and P/FCF near 500, which are not supported by its current profitability or cash flow generation. The company’s free cash flow and net income margins are modest relative to its market capitalization, indicating stretched expectations. Without positive sentiment inputs or recent management commentary suggesting a turnaround, a conservative stance favors selling or avoiding new positions.",-0.0002840937410597544
2024-05-13,NVDA,90.39900207519531,sell,-25.0,101745.39286701204,99485.41781513215,-0.8,0.85,"NVDA is significantly overvalued based on extremely high valuation multiples, including a P/E above 320 and P/FCF near 500, which are not supported by its current profitability or cash flow generation. The company’s free cash flow and net income margins are modest relative to its market capitalization, indicating stretched expectations. Without positive sentiment inputs or recent management commentary suggesting a turnaround, a conservative stance favors selling or avoiding new positions.",-0.0001309075066695531
2024-05-14,NVDA,91.35600280761719,sell,-25.0,101745.39286701204,99461.4927968216,-0.8,0.85,"NVDA is significantly overvalued based on extremely high valuation multiples, including a P/E above 320 and P/FCF near 500, which are not supported by its current profitability or cash flow generation. The company’s free cash flow and net income margins are modest relative to its market capitalization, indicating stretched expectations. Without positive sentiment inputs or recent management commentary suggesting a turnaround, a conservative stance favors selling or avoiding new positions.",-0.00024048768991458136
2024-05-15,NVDA,94.62999725341797,sell,-25.0,101745.39286701204,99379.64293567659,-0.8,0.85,"NVDA is significantly overvalued based on extremely high valuation multiples, including a P/E above 320 and P/FCF near 500, which are not supported by its current profitability or cash flow generation. The company’s free cash flow and net income margins are modest relative to its market capitalization, indicating stretched expectations. Without positive sentiment inputs or recent management commentary suggesting a turnaround, a conservative stance favors selling or avoiding new positions.",-0.0008229301495827901
2024-05-16,NVDA,94.35900115966797,sell,-25.0,101745.39286701204,99386.41783802034,-0.8,0.85,"NVDA is significantly overvalued based on extremely high valuation multiples, including a P/E above 320 and P/FCF near 500, which are not supported by its current profitability or cash flow generation. The company’s free cash flow and net income margins are modest relative to its market capitalization, indicating stretched expectations. Without positive sentiment inputs or recent management commentary suggesting a turnaround, a conservative stance favors selling or avoiding new positions.",6.817193283881195e-05
2024-05-17,NVDA,92.47899627685547,sell,-25.0,101745.39286701204,99433.41796009065,-0.8,0.85,"NVDA is significantly overvalued based on extremely high valuation multiples, including a P/E above 320 and P/FCF near 500, which are not supported by its current profitability or cash flow generation. The company’s free cash flow and net income margins are modest relative to its market capitalization, indicating stretched expectations. Without positive sentiment inputs or recent management commentary suggesting a turnaround, a conservative stance favors selling or avoiding new positions.",0.00047290286834678064
2024-05-20,NVDA,94.77999877929688,sell,-25.0,101745.39286701204,99375.89289752961,-0.8,0.85,"NVDA is significantly overvalued based on extremely high valuation multiples, including a P/E above 320 and P/FCF near 500, which are not supported by its current profitability or cash flow generation. The company’s free cash flow and net income margins are modest relative to its market capitalization, indicating stretched expectations. Without positive sentiment inputs or recent management commentary suggesting a turnaround, a conservative stance favors selling or avoiding new positions.",-0.0005785284639830968
2024-05-21,NVDA,95.38600158691406,sell,-25.0,101745.39286701204,99360.74282733919,-0.8,0.85,"NVDA is significantly overvalued based on extremely high valuation multiples, including a P/E above 320 and P/FCF near 500, which are not supported by its current profitability or cash flow generation. The company’s free cash flow and net income margins are modest relative to its market capitalization, indicating stretched expectations. Without positive sentiment inputs or recent management commentary suggesting a turnaround, a conservative stance favors selling or avoiding new positions.",-0.00015245216670456418
2024-05-22,NVDA,94.94999694824219,sell,-25.0,101745.39286701204,99371.64294330598,-0.8,0.85,"NVDA is significantly overvalued based on extremely high valuation multiples, including a P/E above 320 and P/FCF near 500, which are not supported by its current profitability or cash flow generation. The company’s free cash flow and net income margins are modest relative to its market capitalization, indicating stretched expectations. Without positive sentiment inputs or recent management commentary suggesting a turnaround, a conservative stance favors selling or avoiding new positions.",0.00010970244038666088
2024-05-23,NVDA,103.79900360107422,sell,-25.0,101745.39286701204,99150.41777698518,-0.8,0.85,"NVDA is significantly overvalued based on extremely high valuation multiples, including a P/E above 320 and P/FCF near 500, which are not supported by its current profitability or cash flow generation. The company’s free cash flow and net income margins are modest relative to its market capitalization, indicating stretched expectations. Without positive sentiment inputs or recent management commentary suggesting a turnaround, a conservative stance favors selling or avoiding new positions.",-0.002226240401872137
2024-05-24,NVDA,106.46900177001953,sell,-25.0,101745.39286701204,99083.66782276155,-0.8,0.85,"NVDA is significantly overvalued based on extremely high valuation multiples, including a P/E above 320 and P/FCF near 500, which are not supported by its current profitability or cash flow generation. The company’s free cash flow and net income margins are modest relative to its market capitalization, indicating stretched expectations. Without positive sentiment inputs or recent management commentary suggesting a turnaround, a conservative stance favors selling or avoiding new positions.",-0.0006732190919636061
2024-05-28,NVDA,113.9010009765625,sell,-25.0,101745.39286701204,98897.86784259797,-0.8,0.85,"NVDA is significantly overvalued based on extremely high valuation multiples, including a P/E above 320 and P/FCF near 500, which are not supported by its current profitability or cash flow generation. The company’s free cash flow and net income margins are modest relative to its market capitalization, indicating stretched expectations. Without positive sentiment inputs or recent management commentary suggesting a turnaround, a conservative stance favors selling or avoiding new positions.",-0.0018751827041357805
2024-05-29,NVDA,114.82499694824219,sell,-25.0,101745.39286701204,98874.76794330598,-0.8,0.85,"NVDA is significantly overvalued based on extremely high valuation multiples, including a P/E above 320 and P/FCF near 500, which are not supported by its current profitability or cash flow generation. The company’s free cash flow and net income margins are modest relative to its market capitalization, indicating stretched expectations. Without positive sentiment inputs or recent management commentary suggesting a turnaround, a conservative stance favors selling or avoiding new positions.",-0.00023357327914041992
2024-05-30,NVDA,110.5,sell,-25.0,101745.39286701204,98982.89286701204,-0.8,0.85,"NVDA is significantly overvalued based on extremely high valuation multiples, including a P/E above 320 and P/FCF near 500, which are not supported by its current profitability or cash flow generation. The company’s free cash flow and net income margins are modest relative to its market capitalization, indicating stretched expectations. Without positive sentiment inputs or recent management commentary suggesting a turnaround, a conservative stance favors selling or avoiding new positions.",0.0010935542601531179
2024-05-31,NVDA,109.63300323486328,sell,-25.0,101745.39286701204,99004.56778614045,-0.8,0.85,"NVDA is significantly overvalued based on extremely high valuation multiples, including a P/E above 320 and P/FCF near 500, which are not supported by its current profitability or cash flow generation. The company’s free cash flow and net income margins are modest relative to its market capitalization, indicating stretched expectations. Without positive sentiment inputs or recent management commentary suggesting a turnaround, a conservative stance favors selling or avoiding new positions.",0.00021897641603119133
2024-06-03,NVDA,115.0,sell,-25.0,101745.39286701204,98870.39286701204,-0.8,0.85,"NVDA is significantly overvalued based on extremely high valuation multiples, including a P/E above 320 and P/FCF near 500, which are not supported by its current profitability or cash flow generation. The company’s free cash flow and net income margins are modest relative to its market capitalization, indicating stretched expectations. Without positive sentiment inputs or recent management commentary suggesting a turnaround, a conservative stance favors selling or avoiding new positions.",-0.0013552396836704617
2024-06-04,NVDA,116.43699645996094,sell,-25.0,101745.39286701204,98834.46795551301,-0.8,0.85,"NVDA is significantly overvalued based on extremely high valuation multiples, including a P/E above 320 and P/FCF near 500, which are not supported by its current profitability or cash flow generation. The company’s free cash flow and net income margins are modest relative to its market capitalization, indicating stretched expectations. Without positive sentiment inputs or recent management commentary suggesting a turnaround, a conservative stance favors selling or avoiding new positions.",-0.0003633535829815626
2024-06-05,NVDA,122.44000244140625,sell,-25.0,101745.39286701204,98684.39280597688,-0.8,0.85,"NVDA is significantly overvalued based on extremely high valuation multiples, including a P/E above 320 and P/FCF near 500, which are not supported by its current profitability or cash flow generation. The company’s free cash flow and net income margins are modest relative to its market capitalization, indicating stretched expectations. Without positive sentiment inputs or recent management commentary suggesting a turnaround, a conservative stance favors selling or avoiding new positions.",-0.0015184495109913376
2024-06-06,NVDA,120.99800109863281,sell,-25.0,101745.39286701204,98720.44283954622,-0.8,0.85,"NVDA is significantly overvalued based on extremely high valuation multiples, including a P/E above 320 and P/FCF near 500, which are not supported by its current profitability or cash flow generation. The company’s free cash flow and net income margins are modest relative to its market capitalization, indicating stretched expectations. Without positive sentiment inputs or recent management commentary suggesting a turnaround, a conservative stance favors selling or avoiding new positions.",0.000365306332078319
2024-06-07,NVDA,120.88800048828125,sell,-25.0,101745.39286701204,98723.192854805,-0.8,0.85,"NVDA is significantly overvalued based on extremely high valuation multiples, including a P/E above 320 and P/FCF near 500, which are not supported by its current profitability or cash flow generation. The company’s free cash flow and net income margins are modest relative to its market capitalization, indicating stretched expectations. Without positive sentiment inputs or recent management commentary suggesting a turnaround, a conservative stance favors selling or avoiding new positions.",2.7856593626252035e-05
2024-06-10,NVDA,121.79000091552734,sell,-25.0,101745.39286701204,98700.64284412385,-0.8,0.85,"NVDA is significantly overvalued based on extremely high valuation multiples, including a P/E above 320 and P/FCF near 500, which are not supported by its current profitability or cash flow generation. The company’s free cash flow and net income margins are modest relative to its market capitalization, indicating stretched expectations. Without positive sentiment inputs or recent management commentary suggesting a turnaround, a conservative stance favors selling or avoiding new positions.",-0.00022841654558636293
2024-06-11,NVDA,120.91000366210938,sell,-25.0,101745.39286701204,98722.6427754593,-0.8,0.85,"NVDA is significantly overvalued based on extremely high valuation multiples, including a P/E above 320 and P/FCF near 500, which are not supported by its current profitability or cash flow generation. The company’s free cash flow and net income margins are modest relative to its market capitalization, indicating stretched expectations. Without positive sentiment inputs or recent management commentary suggesting a turnaround, a conservative stance favors selling or avoiding new positions.",0.0002228955222731699
2024-06-12,NVDA,125.19999694824219,sell,-25.0,101745.39286701204,98615.39294330598,-0.8,0.85,"NVDA is significantly overvalued based on extremely high valuation multiples, including a P/E above 320 and P/FCF near 500, which are not supported by its current profitability or cash flow generation. The company’s free cash flow and net income margins are modest relative to its market capitalization, indicating stretched expectations. Without positive sentiment inputs or recent management commentary suggesting a turnaround, a conservative stance favors selling or avoiding new positions.",-0.001086375213812496
2024-06-13,NVDA,129.61000061035156,sell,-25.0,101745.39286701204,98505.14285175325,-0.8,0.85,"NVDA is significantly overvalued based on extremely high valuation multiples, including a P/E above 320 and P/FCF near 500, which are not supported by its current profitability or cash flow generation. The company’s free cash flow and net income margins are modest relative to its market capitalization, indicating stretched expectations. Without positive sentiment inputs or recent management commentary suggesting a turnaround, a conservative stance favors selling or avoiding new positions.",-0.001117980553158815
2024-06-14,NVDA,131.8800048828125,sell,-25.0,101745.39286701204,98448.39274494172,-0.8,0.85,"NVDA is significantly overvalued based on extremely high valuation multiples, including a P/E above 320 and P/FCF near 500, which are not supported by its current profitability or cash flow generation. The company’s free cash flow and net income margins are modest relative to its market capitalization, indicating stretched expectations. Without positive sentiment inputs or recent management commentary suggesting a turnaround, a conservative stance favors selling or avoiding new positions.",-0.0005761131365185079
2024-06-17,NVDA,130.97999572753906,sell,-25.0,101745.39286701204,98470.89297382356,-0.8,0.85,"NVDA is significantly overvalued based on extremely high valuation multiples, including a P/E above 320 and P/FCF near 500, which are not supported by its current profitability or cash flow generation. The company’s free cash flow and net income margins are modest relative to its market capitalization, indicating stretched expectations. Without positive sentiment inputs or recent management commentary suggesting a turnaround, a conservative stance favors selling or avoiding new positions.",0.00022854846335707002
2024-06-18,NVDA,135.5800018310547,sell,-25.0,101745.39286701204,98355.89282123567,-0.8,0.85,"NVDA is significantly overvalued based on extremely high valuation multiples, including a P/E above 320 and P/FCF near 500, which are not supported by its current profitability or cash flow generation. The company’s free cash flow and net income margins are modest relative to its market capitalization, indicating stretched expectations. Without positive sentiment inputs or recent management commentary suggesting a turnaround, a conservative stance favors selling or avoiding new positions.",-0.001167859345181932
2024-06-20,NVDA,130.77999877929688,sell,-25.0,101745.39286701204,98475.89289752961,-0.8,0.85,"NVDA is significantly overvalued based on extremely high valuation multiples, including a P/E above 320 and P/FCF near 500, which are not supported by its current profitability or cash flow generation. The company’s free cash flow and net income margins are modest relative to its market capitalization, indicating stretched expectations. Without positive sentiment inputs or recent management commentary suggesting a turnaround, a conservative stance favors selling or avoiding new positions.",0.0012200598545939467
2024-06-21,NVDA,126.56999969482422,sell,-25.0,101745.39286701204,98581.14287464143,-0.8,0.85,"NVDA is significantly overvalued based on extremely high valuation multiples, including a P/E above 320 and P/FCF near 500, which are not supported by its current profitability or cash flow generation. The company’s free cash flow and net income margins are modest relative to its market capitalization, indicating stretched expectations. Without positive sentiment inputs or recent management commentary suggesting a turnaround, a conservative stance favors selling or avoiding new positions.",0.001068789264204284
2024-06-24,NVDA,118.11000061035156,sell,-25.0,101745.39286701204,98792.64285175325,-0.8,0.85,"NVDA is significantly overvalued based on extremely high valuation multiples, including a P/E above 320 and P/FCF near 500, which are not supported by its current profitability or cash flow generation. The company’s free cash flow and net income margins are modest relative to its market capitalization, indicating stretched expectations. Without positive sentiment inputs or recent management commentary suggesting a turnaround, a conservative stance favors selling or avoiding new positions.",0.0021454405066165805
2024-06-25,NVDA,126.08999633789062,sell,-25.0,101745.39286701204,98593.14295856477,-0.8,0.85,"NVDA is significantly overvalued based on extremely high valuation multiples, including a P/E above 320 and P/FCF near 500, which are not supported by its current profitability or cash flow generation. The company’s free cash flow and net income margins are modest relative to its market capitalization, indicating stretched expectations. Without positive sentiment inputs or recent management commentary suggesting a turnaround, a conservative stance favors selling or avoiding new positions.",-0.0020193800614064505
2024-06-26,NVDA,126.4000015258789,sell,-25.0,101745.39286701204,98585.39282886506,-0.8,0.85,"NVDA is significantly overvalued based on extremely high valuation multiples, including a P/E above 320 and P/FCF near 500, which are not supported by its current profitability or cash flow generation. The company’s free cash flow and net income margins are modest relative to its market capitalization, indicating stretched expectations. Without positive sentiment inputs or recent management commentary suggesting a turnaround, a conservative stance favors selling or avoiding new positions.",-7.860718775309916e-05
2024-06-27,NVDA,123.98999786376953,sell,-25.0,101745.39286701204,98645.6429204178,-0.8,0.85,"NVDA is significantly overvalued based on extremely high valuation multiples, including a P/E above 320 and P/FCF near 500, which are not supported by its current profitability or cash flow generation. The company’s free cash flow and net income margins are modest relative to its market capitalization, indicating stretched expectations. Without positive sentiment inputs or recent management commentary suggesting a turnaround, a conservative stance favors selling or avoiding new positions.",0.0006111462339792872
2024-06-28,NVDA,123.54000091552734,sell,-25.0,101745.39286701204,98656.89284412385,-0.8,0.85,"NVDA is significantly overvalued based on extremely high valuation multiples, including a P/E above 320 and P/FCF near 500, which are not supported by its current profitability or cash flow generation. The company’s free cash flow and net income margins are modest relative to its market capitalization, indicating stretched expectations. Without positive sentiment inputs or recent management commentary suggesting a turnaround, a conservative stance favors selling or avoiding new positions.",0.00011404379730306502
2024-07-01,NVDA,124.30000305175781,sell,-25.0,101745.39286701204,98637.89279071809,-0.8,0.85,"NVDA is significantly overvalued based on extremely high valuation multiples, including a P/E above 320 and P/FCF near 500, which are not supported by its current profitability or cash flow generation. The company’s free cash flow and net income margins are modest relative to its market capitalization, indicating stretched expectations. Without positive sentiment inputs or recent management commentary suggesting a turnaround, a conservative stance favors selling or avoiding new positions.",-0.00019258718633863303
2024-07-02,NVDA,122.66999816894531,sell,-25.0,101745.39286701204,98678.6429127884,-0.8,0.85,"NVDA is significantly overvalued based on extremely high valuation multiples, including a P/E above 320 and P/FCF near 500, which are not supported by its current profitability or cash flow generation. The company’s free cash flow and net income margins are modest relative to its market capitalization, indicating stretched expectations. Without positive sentiment inputs or recent management commentary suggesting a turnaround, a conservative stance favors selling or avoiding new positions.",0.0004131284734232299
2024-07-03,NVDA,128.27999877929688,sell,-25.0,101745.39286701204,98538.39289752961,-0.8,0.85,"NVDA is significantly overvalued based on extremely high valuation multiples, including a P/E above 320 and P/FCF near 500, which are not supported by its current profitability or cash flow generation. The company’s free cash flow and net income margins are modest relative to its market capitalization, indicating stretched expectations. Without positive sentiment inputs or recent management commentary suggesting a turnaround, a conservative stance favors selling or avoiding new positions.",-0.0014212803411042252
2024-07-05,NVDA,125.83000183105469,sell,-25.0,101745.39286701204,98599.64282123567,-0.8,0.85,"NVDA is significantly overvalued based on extremely high valuation multiples, including a P/E above 320 and P/FCF near 500, which are not supported by its current profitability or cash flow generation. The company’s free cash flow and net income margins are modest relative to its market capitalization, indicating stretched expectations. Without positive sentiment inputs or recent management commentary suggesting a turnaround, a conservative stance favors selling or avoiding new positions.",0.000621584358187599
2024-07-08,NVDA,128.1999969482422,sell,-25.0,101745.39286701204,98540.39294330598,-0.8,0.85,"NVDA is significantly overvalued based on extremely high valuation multiples, including a P/E above 320 and P/FCF near 500, which are not supported by its current profitability or cash flow generation. The company’s free cash flow and net income margins are modest relative to its market capitalization, indicating stretched expectations. Without positive sentiment inputs or recent management commentary suggesting a turnaround, a conservative stance favors selling or avoiding new positions.",-0.0006009137176805623
2024-07-09,NVDA,131.3800048828125,sell,-25.0,101745.39286701204,98460.89274494172,-0.8,0.85,"NVDA is significantly overvalued based on extremely high valuation multiples, including a P/E above 320 and P/FCF near 500, which are not supported by its current profitability or cash flow generation. The company’s free cash flow and net income margins are modest relative to its market capitalization, indicating stretched expectations. Without positive sentiment inputs or recent management commentary suggesting a turnaround, a conservative stance favors selling or avoiding new positions.",-0.0008067777688891553
2024-07-10,NVDA,134.91000366210938,sell,-25.0,101745.39286701204,98372.6427754593,-0.8,0.85,"NVDA is significantly overvalued based on extremely high valuation multiples, including a P/E above 320 and P/FCF near 500, which are not supported by its current profitability or cash flow generation. The company’s free cash flow and net income margins are modest relative to its market capitalization, indicating stretched expectations. Without positive sentiment inputs or recent management commentary suggesting a turnaround, a conservative stance favors selling or avoiding new positions.",-0.0008962946305091091
2024-07-11,NVDA,127.4000015258789,sell,-25.0,101745.39286701204,98560.39282886506,-0.8,0.85,"NVDA is significantly overvalued based on extremely high valuation multiples, including a P/E above 320 and P/FCF near 500, which are not supported by its current profitability or cash flow generation. The company’s free cash flow and net income margins are modest relative to its market capitalization, indicating stretched expectations. Without positive sentiment inputs or recent management commentary suggesting a turnaround, a conservative stance favors selling or avoiding new positions.",0.0019085596168673113
2024-07-12,NVDA,129.24000549316406,sell,-25.0,101745.39286701204,98514.39272968294,-0.8,0.85,"NVDA is significantly overvalued based on extremely high valuation multiples, including a P/E above 320 and P/FCF near 500, which are not supported by its current profitability or cash flow generation. The company’s free cash flow and net income margins are modest relative to its market capitalization, indicating stretched expectations. Without positive sentiment inputs or recent management commentary suggesting a turnaround, a conservative stance favors selling or avoiding new positions.",-0.00046671992533553475
2024-07-15,NVDA,128.44000244140625,sell,-25.0,101745.39286701204,98534.39280597688,-0.8,0.85,"NVDA is significantly overvalued based on extremely high valuation multiples, including a P/E above 320 and P/FCF near 500, which are not supported by its current profitability or cash flow generation. The company’s free cash flow and net income margins are modest relative to its market capitalization, indicating stretched expectations. Without positive sentiment inputs or recent management commentary suggesting a turnaround, a conservative stance favors selling or avoiding new positions.",0.00020301679520895455
2024-07-16,NVDA,126.36000061035156,sell,-25.0,101745.39286701204,98586.39285175325,-0.8,0.85,"NVDA is significantly overvalued based on extremely high valuation multiples, including a P/E above 320 and P/FCF near 500, which are not supported by its current profitability or cash flow generation. The company’s free cash flow and net income margins are modest relative to its market capitalization, indicating stretched expectations. Without positive sentiment inputs or recent management commentary suggesting a turnaround, a conservative stance favors selling or avoiding new positions.",0.0005277349795900221
2024-07-17,NVDA,117.98999786376953,sell,-25.0,101745.39286701204,98795.6429204178,-0.8,0.85,"NVDA is significantly overvalued based on extremely high valuation multiples, including a P/E above 320 and P/FCF near 500, which are not supported by its current profitability or cash flow generation. The company’s free cash flow and net income margins are modest relative to its market capitalization, indicating stretched expectations. Without positive sentiment inputs or recent management commentary suggesting a turnaround, a conservative stance favors selling or avoiding new positions.",0.0021225045628681105
2024-07-18,NVDA,121.08999633789062,sell,-25.0,101745.39286701204,98718.14295856477,-0.8,0.85,"NVDA is significantly overvalued based on extremely high valuation multiples, including a P/E above 320 and P/FCF near 500, which are not supported by its current profitability or cash flow generation. The company’s free cash flow and net income margins are modest relative to its market capitalization, indicating stretched expectations. Without positive sentiment inputs or recent management commentary suggesting a turnaround, a conservative stance favors selling or avoiding new positions.",-0.0007844471634792516
2024-07-19,NVDA,117.93000030517578,sell,-25.0,101745.39286701204,98797.14285938264,-0.8,0.85,"NVDA is significantly overvalued based on extremely high valuation multiples, including a P/E above 320 and P/FCF near 500, which are not supported by its current profitability or cash flow generation. The company’s free cash flow and net income margins are modest relative to its market capitalization, indicating stretched expectations. Without positive sentiment inputs or recent management commentary suggesting a turnaround, a conservative stance favors selling or avoiding new positions.",0.0008002571609457831
2024-07-22,NVDA,123.54000091552734,sell,-25.0,101745.39286701204,98656.89284412385,-0.8,0.85,"NVDA is significantly overvalued based on extremely high valuation multiples, including a P/E above 320 and P/FCF near 500, which are not supported by its current profitability or cash flow generation. The company’s free cash flow and net income margins are modest relative to its market capitalization, indicating stretched expectations. Without positive sentiment inputs or recent management commentary suggesting a turnaround, a conservative stance favors selling or avoiding new positions.",-0.001419575619290958
2024-07-23,NVDA,122.58999633789062,sell,-25.0,101745.39286701204,98680.64295856477,-0.8,0.85,"NVDA is significantly overvalued based on extremely high valuation multiples, including a P/E above 320 and P/FCF near 500, which are not supported by its current profitability or cash flow generation. The company’s free cash flow and net income margins are modest relative to its market capitalization, indicating stretched expectations. Without positive sentiment inputs or recent management commentary suggesting a turnaround, a conservative stance favors selling or avoiding new positions.",0.0002407344662520572
2024-07-24,NVDA,114.25,sell,-25.0,101745.39286701204,98889.14286701204,-0.8,0.85,"NVDA is significantly overvalued based on extremely high valuation multiples, including a P/E above 320 and P/FCF near 500, which are not supported by its current profitability or cash flow generation. The company’s free cash flow and net income margins are modest relative to its market capitalization, indicating stretched expectations. Without positive sentiment inputs or recent management commentary suggesting a turnaround, a conservative stance favors selling or avoiding new positions.",0.0021128754555725937
2024-07-25,NVDA,112.27999877929688,sell,-25.0,101745.39286701204,98938.39289752961,-0.8,0.85,"NVDA is significantly overvalued based on extremely high valuation multiples, including a P/E above 320 and P/FCF near 500, which are not supported by its current profitability or cash flow generation. The company’s free cash flow and net income margins are modest relative to its market capitalization, indicating stretched expectations. Without positive sentiment inputs or recent management commentary suggesting a turnaround, a conservative stance favors selling or avoiding new positions.",0.0004980327373633742
2024-07-26,NVDA,113.05999755859375,sell,-25.0,101745.39286701204,98918.8929280472,-0.8,0.85,"NVDA is significantly overvalued based on extremely high valuation multiples, including a P/E above 320 and P/FCF near 500, which are not supported by its current profitability or cash flow generation. The company’s free cash flow and net income margins are modest relative to its market capitalization, indicating stretched expectations. Without positive sentiment inputs or recent management commentary suggesting a turnaround, a conservative stance favors selling or avoiding new positions.",-0.00019709203789697316
2024-07-29,NVDA,111.58999633789062,sell,-25.0,101745.39286701204,98955.64295856477,-0.8,0.85,"NVDA is significantly overvalued based on extremely high valuation multiples, including a P/E above 320 and P/FCF near 500, which are not supported by its current profitability or cash flow generation. The company’s free cash flow and net income margins are modest relative to its market capitalization, indicating stretched expectations. Without positive sentiment inputs or recent management commentary suggesting a turnaround, a conservative stance favors selling or avoiding new positions.",0.00037151679956948236
2024-07-30,NVDA,103.7300033569336,sell,-25.0,101745.39286701204,99152.1427830887,-0.8,0.85,"NVDA is significantly overvalued based on extremely high valuation multiples, including a P/E above 320 and P/FCF near 500, which are not supported by its current profitability or cash flow generation. The company’s free cash flow and net income margins are modest relative to its market capitalization, indicating stretched expectations. Without positive sentiment inputs or recent management commentary suggesting a turnaround, a conservative stance favors selling or avoiding new positions.",0.0019857364234014963
2024-07-31,NVDA,117.0199966430664,sell,-25.0,101745.39286701204,98819.89295093538,-0.8,0.85,"NVDA is significantly overvalued based on extremely high valuation multiples, including a P/E above 320 and P/FCF near 500, which are not supported by its current profitability or cash flow generation. The company’s free cash flow and net income margins are modest relative to its market capitalization, indicating stretched expectations. Without positive sentiment inputs or recent management commentary suggesting a turnaround, a conservative stance favors selling or avoiding new positions.",-0.0033509092474196533
2024-08-01,NVDA,109.20999908447266,sell,-25.0,101745.39286701204,99015.14288990022,-0.8,0.85,"NVDA is significantly overvalued based on extremely high valuation multiples, including a P/E above 320 and P/FCF near 500, which are not supported by its current profitability or cash flow generation. The company’s free cash flow and net income margins are modest relative to its market capitalization, indicating stretched expectations. Without positive sentiment inputs or recent management commentary suggesting a turnaround, a conservative stance favors selling or avoiding new positions.",0.001975816135135755
2024-08-02,NVDA,107.2699966430664,sell,-25.0,101745.39286701204,99063.64295093538,-0.8,0.85,"NVDA is significantly overvalued based on extremely high valuation multiples, including a P/E above 320 and P/FCF near 500, which are not supported by its current profitability or cash flow generation. The company’s free cash flow and net income margins are modest relative to its market capitalization, indicating stretched expectations. Without positive sentiment inputs or recent management commentary suggesting a turnaround, a conservative stance favors selling or avoiding new positions.",0.0004898246835747244
2024-08-05,NVDA,100.44999694824219,sell,-30.0,102247.14060176851,99233.64069332124,-0.8,0.85,"NVDA is significantly overvalued based on extremely high P/E (488x) and P/FCF (694x) multiples, indicating the market price far exceeds current earnings and cash flow generation. Despite solid revenue and profitability, the valuation metrics suggest limited margin for upside and elevated risk of correction. Without positive sentiment or supportive management commentary, a conservative stance favors selling.",0.0017160457391018902
2024-08-06,NVDA,104.25,sell,-35.0,102767.8693517685,99119.1193517685,-0.8,0.85,"NVDA is significantly overvalued based on extremely high P/E (507x) and P/FCF (720x) multiples, indicating the market is pricing in very aggressive growth that is not supported by current profitability or cash flow. The rule-based valuation prior of -1.0 further confirms a strong sell signal. Recent price declines suggest market skepticism is increasing, and without positive sentiment or management commentary to justify the premium, a conservative stance is warranted.",-0.0011540576436842587
2024-08-07,NVDA,98.91000366210938,sell,-40.0,103261.92482006074,99305.52467357636,-0.8,0.85,"NVDA is significantly overvalued based on extremely high valuation multiples (P/E ~481, P/FCF ~683) that are not supported by its current profitability or cash flow generation. The company’s free cash flow and net income are modest relative to its market capitalization, indicating stretched expectations. Without strong positive sentiment or recent management commentary to justify the premium, a conservative stance is warranted.",0.0018806192289331225
2024-08-08,NVDA,104.97000122070312,sell,-45.0,103786.24997615816,99062.59992122652,-0.8,0.85,"NVDA is significantly overvalued based on extremely high P/E (510x) and P/FCF (725x) multiples, which are not supported by its current profitability or cash flow generation. The elevated P/S ratio (44x) further indicates the market is pricing in very aggressive growth that is not reflected in recent financials. Without strong positive sentiment or management commentary to justify such premium valuations, a conservative stance is warranted.",-0.002446236029146953
2024-08-09,NVDA,104.75,sell,-50.0,104309.47622615816,99071.97622615816,-0.8,0.85,"NVDA is significantly overvalued based on extremely high valuation multiples (P/E > 500, P/FCF > 700) that are not supported by its current profitability or cash flow generation. The rule-based valuation prior strongly indicates overvaluation (-1.0), and recent price volatility does not suggest a stable base for upside. Without positive sentiment or strong management commentary to justify the premium, a conservative stance favors selling or avoiding new positions.",9.4650301315502e-05
