config,date,ticker,price,ttm_revenue,ttm_net_income,ttm_fcf,ttm_ps,ttm_pe,ttm_pfcf,finbert_sentiment,lexical_sentiment,recent_5d_prices,action,confidence,score,thesis
without_sentiment,2024-02-05,NVDA,69.33200073242188,57521000000.0,5418000000.0,3519000000.0,29.289609321775554,310.95747836800507,478.76317641314336,,,2024-01-30:62.77|2024-01-31:61.53|2024-02-01:63.03|2024-02-02:66.16|2024-02-05:69.33,sell,0.85,-0.8,"NVDA is significantly overvalued based on extremely high P/E (311x) and P/FCF (479x) multiples, indicating the market is pricing in exceptional future growth that is not supported by current cash generation or profitability. The rule-based valuation prior strongly signals overvaluation (-1.0), and recent price appreciation appears disconnected from fundamentals. Without positive sentiment or management commentary to justify the premium, a conservative stance is to sell."
without_sentiment,2024-02-06,NVDA,68.2229995727539,57521000000.0,5418000000.0,3519000000.0,28.821106893446217,305.9835529010557,471.1051121392214,,,2024-01-31:61.53|2024-02-01:63.03|2024-02-02:66.16|2024-02-05:69.33|2024-02-06:68.22,sell,0.85,-0.8,"NVDA is significantly overvalued based on extremely high P/E (306x) and P/FCF (471x) multiples, indicating the market is pricing in very aggressive growth that is not supported by current profitability or cash flow generation. The rule-based valuation prior of -1.0 further confirms a strong sell signal. Without positive sentiment or recent management commentary to justify the premium, a conservative approach favors selling."
without_sentiment,2024-02-07,NVDA,70.0989990234375,57521000000.0,5418000000.0,3519000000.0,29.61363113070933,314.39750392571636,484.05958404931266,,,2024-02-01:63.03|2024-02-02:66.16|2024-02-05:69.33|2024-02-06:68.22|2024-02-07:70.10,sell,0.85,-0.8,"NVDA is significantly overvalued based on extremely high valuation multiples (P/E over 300, P/FCF near 500) that are not supported by its current profitability or cash flow generation. Despite recent price appreciation, the company’s free cash flow and net income levels do not justify the elevated market capitalization, indicating limited margin of safety. Without positive sentiment or management commentary to support such premium valuations, a conservative stance favors selling or avoiding new positions."
without_sentiment,2024-02-08,NVDA,69.64099884033203,57521000000.0,5418000000.0,3519000000.0,29.42014693451206,312.3433502805589,480.8969229383542,,,2024-02-02:66.16|2024-02-05:69.33|2024-02-06:68.22|2024-02-07:70.10|2024-02-08:69.64,sell,0.85,-0.8,"NVDA is significantly overvalued based on its extremely high P/E (312x) and P/FCF (481x) multiples, which are not supported by its current profitability or cash flow generation. Despite strong revenue, the operating and net income margins are modest relative to price, indicating stretched valuation. Without positive sentiment or recent management commentary to justify premium multiples, a conservative stance favors selling or avoiding new positions."
without_sentiment,2024-02-09,NVDA,72.13300323486328,57521000000.0,5418000000.0,3519000000.0,30.472905175625908,323.5201141762971,498.1051374274447,,,2024-02-05:69.33|2024-02-06:68.22|2024-02-07:70.10|2024-02-08:69.64|2024-02-09:72.13,sell,0.85,-0.8,"NVDA is significantly overvalued based on extremely high valuation multiples (P/E over 320, P/FCF near 500) that are not supported by its current profitability or cash flow generation. The company’s free cash flow and net income margins are modest relative to its market cap, indicating the price is pricing in overly optimistic growth or margin expansion. Without strong positive sentiment or recent management commentary indicating a material shift, a conservative stance favors selling."
without_sentiment,2024-08-05,NVDA,100.44999694824219,57521000000.0,4997000000.0,3519000000.0,42.43554398988692,488.48007321238447,693.644480205253,,,2024-07-30:103.73|2024-07-31:117.02|2024-08-01:109.21|2024-08-02:107.27|2024-08-05:100.45,sell,0.85,-0.8,"NVDA is significantly overvalued based on extremely high P/E (488x) and P/FCF (694x) multiples, which are not supported by its current profitability or cash flow generation. The elevated P/S ratio (42x) further indicates the market is pricing in aggressive growth that may not materialize in the medium term. Without positive sentiment signals or recent management commentary to justify this premium, a conservative stance favors selling."
without_sentiment,2024-08-06,NVDA,104.25,57521000000.0,4997000000.0,3519000000.0,44.040872029345806,506.95917550530316,719.8849104859335,,,2024-07-31:117.02|2024-08-01:109.21|2024-08-02:107.27|2024-08-05:100.45|2024-08-06:104.25,hold,0.7,-0.6,"NVDA is currently overvalued based on extremely high valuation multiples (P/E > 500, P/FCF > 700) despite solid profitability and positive free cash flow. The recent sharp price decline suggests market uncertainty or re-rating, but the company’s strong revenue and operating income provide some support. A conservative stance is warranted until valuation metrics normalize or clearer growth visibility emerges."
without_sentiment,2024-08-07,NVDA,98.91000366210938,57521000000.0,4997000000.0,3519000000.0,41.78496703793845,480.9912125253668,683.0102554672515,,,2024-08-01:109.21|2024-08-02:107.27|2024-08-05:100.45|2024-08-06:104.25|2024-08-07:98.91,sell,0.85,-0.8,"NVDA is significantly overvalued based on extremely high valuation multiples (P/E ~481, P/FCF ~683) that are not supported by its current profitability and cash flow generation. The stock price has declined recently, reflecting market skepticism, and there is no positive sentiment or management commentary to justify the premium. A conservative approach suggests avoiding new exposure at this level."
without_sentiment,2024-08-08,NVDA,104.97000122070312,57521000000.0,4997000000.0,3519000000.0,44.34503971876508,510.4604822219504,724.856785923014,,,2024-08-02:107.27|2024-08-05:100.45|2024-08-06:104.25|2024-08-07:98.91|2024-08-08:104.97,sell,0.85,-0.8,"NVDA is significantly overvalued based on its extremely high P/E (510x) and P/FCF (725x) multiples, which are not supported by its current profitability or cash flow generation. The very elevated P/S ratio (44x) further indicates the market is pricing in aggressive growth that is not reflected in recent financials. Without strong positive sentiment or management commentary to justify such premium valuations, a conservative stance is warranted."
without_sentiment,2024-08-09,NVDA,104.75,57521000000.0,4997000000.0,3519000000.0,44.252099233323484,509.3906343806284,723.3375959079284,,,2024-08-05:100.45|2024-08-06:104.25|2024-08-07:98.91|2024-08-08:104.97|2024-08-09:104.75,sell,0.85,-0.8,"NVDA is significantly overvalued based on extremely high valuation multiples (P/E > 500, P/FCF > 700) that are not supported by its current profitability or cash flow generation. The rule-based valuation prior strongly indicates overvaluation (-1.0), and recent price volatility does not justify the premium. Without positive sentiment or strong management commentary to offset these concerns, a conservative approach favors selling or avoiding new positions."
with_sentiment,2024-02-05,NVDA,69.33200073242188,57521000000.0,5418000000.0,3519000000.0,29.289609321775554,310.95747836800507,478.76317641314336,0.9756793755434564,0.9756793755434564,2024-01-30:62.77|2024-01-31:61.53|2024-02-01:63.03|2024-02-02:66.16|2024-02-05:69.33,hold,0.65,-0.5,"NVDA is currently trading at very high valuation multiples (P/E ~311, P/FCF ~479) that are not supported by its modest profitability and cash flow generation, indicating overvaluation. However, strong positive sentiment and recent price momentum suggest market optimism about future growth, warranting a cautious hold rather than an outright sell. A conservative approach is appropriate given the stretched valuation and limited margin of safety."
with_sentiment,2024-02-06,NVDA,68.2229995727539,57521000000.0,5418000000.0,3519000000.0,28.821106893446217,305.9835529010557,471.1051121392214,0.9397691212677294,0.9397691212677294,2024-01-31:61.53|2024-02-01:63.03|2024-02-02:66.16|2024-02-05:69.33|2024-02-06:68.22,hold,0.65,-0.4,"NVDA is currently trading at very high valuation multiples (P/E > 300, P/FCF > 470) that are not supported by its modest profitability and free cash flow generation. Despite strong positive sentiment and recent price appreciation, the rule-based valuation prior indicates significant overvaluation. A conservative stance is warranted until fundamentals improve or valuation multiples normalize."
with_sentiment,2024-02-07,NVDA,70.0989990234375,57521000000.0,5418000000.0,3519000000.0,29.61363113070933,314.39750392571636,484.05958404931266,0.9924293950004882,0.9924293950004882,2024-02-01:63.03|2024-02-02:66.16|2024-02-05:69.33|2024-02-06:68.22|2024-02-07:70.10,sell,0.85,-0.75,"NVDA is significantly overvalued based on extremely high valuation multiples (P/E > 300, P/FCF > 480) despite strong recent positive sentiment and price momentum. The company’s profitability and cash flow generation are solid but do not justify the current premium, indicating limited upside and elevated downside risk. A conservative approach favors selling or avoiding new positions until valuation normalizes."
with_sentiment,2024-02-08,NVDA,69.64099884033203,57521000000.0,5418000000.0,3519000000.0,29.42014693451206,312.3433502805589,480.8969229383542,0.9703809687804436,0.9703809687804436,2024-02-02:66.16|2024-02-05:69.33|2024-02-06:68.22|2024-02-07:70.10|2024-02-08:69.64,sell,0.85,-0.75,"NVDA is significantly overvalued based on extremely high P/E (312x) and P/FCF (481x) multiples relative to its profitability and cash generation. Despite strong positive sentiment and recent price appreciation, the valuation metrics suggest the current price is not justified by fundamentals. A conservative stance favors selling to avoid downside risk from valuation correction."
with_sentiment,2024-02-09,NVDA,72.13300323486328,57521000000.0,5418000000.0,3519000000.0,30.472905175625908,323.5201141762971,498.1051374274447,0.9473851809260933,0.9473851809260933,2024-02-05:69.33|2024-02-06:68.22|2024-02-07:70.10|2024-02-08:69.64|2024-02-09:72.13,sell,0.85,-0.75,"NVDA is significantly overvalued based on extremely high valuation multiples (P/E > 320, P/FCF near 500) despite solid profitability and positive sentiment. The current price implies very aggressive growth expectations that are not supported by cash flow generation or operating income trends. A conservative approach suggests avoiding new exposure until valuation normalizes."
with_sentiment,2024-08-05,NVDA,100.44999694824219,57521000000.0,4997000000.0,3519000000.0,42.43554398988692,488.48007321238447,693.644480205253,0.3865960833981481,0.01259446,2024-07-30:103.73|2024-07-31:117.02|2024-08-01:109.21|2024-08-02:107.27|2024-08-05:100.45,sell,0.85,-0.75,"NVDA is significantly overvalued based on extremely high P/E and P/FCF multiples, indicating the market is pricing in very aggressive growth that is not supported by current profitability or cash flow generation. The rule-based valuation prior strongly suggests overvaluation, and recent price volatility with a downward trend reinforces caution. Despite moderately positive sentiment, the fundamentals do not justify the current price level."
with_sentiment,2024-08-06,NVDA,104.25,57521000000.0,4997000000.0,3519000000.0,44.040872029345806,506.95917550530316,719.8849104859335,0.3865960833981481,0.01259446,2024-07-31:117.02|2024-08-01:109.21|2024-08-02:107.27|2024-08-05:100.45|2024-08-06:104.25,sell,0.85,-0.75,"NVDA is significantly overvalued based on extremely high P/E (507) and P/FCF (720) multiples, indicating the market is pricing in very aggressive growth that is not currently supported by cash flow or earnings. Despite modestly positive sentiment signals, the rule-based valuation prior strongly suggests overvaluation. Recent price declines reinforce caution, and no new positive management commentary offsets valuation concerns."
with_sentiment,2024-08-07,NVDA,98.91000366210938,57521000000.0,4997000000.0,3519000000.0,41.78496703793845,480.9912125253668,683.0102554672515,0.3865960833981481,0.01259446,2024-08-01:109.21|2024-08-02:107.27|2024-08-05:100.45|2024-08-06:104.25|2024-08-07:98.91,sell,0.85,-0.75,"NVDA is significantly overvalued based on extremely high P/E (481x) and P/FCF (683x) multiples, indicating the market is pricing in very aggressive growth that current fundamentals do not support. Despite positive sentiment signals, the company’s free cash flow and net income are modest relative to its market cap, suggesting limited margin for valuation expansion. Recent price declines reinforce a cautious stance amid stretched valuation metrics."
with_sentiment,2024-08-08,NVDA,104.97000122070312,57521000000.0,4997000000.0,3519000000.0,44.34503971876508,510.4604822219504,724.856785923014,0.3865960833981481,0.01259446,2024-08-02:107.27|2024-08-05:100.45|2024-08-06:104.25|2024-08-07:98.91|2024-08-08:104.97,sell,0.85,-0.75,"NVDA is significantly overvalued based on extremely high P/E (510x) and P/FCF (725x) multiples, indicating the market is pricing in very aggressive growth that is not supported by current profitability or cash flow. Despite positive sentiment signals, the rule-based valuation prior strongly suggests overvaluation. Given the recent volatile price action and lack of strong free cash flow growth, a conservative approach favors selling or avoiding new positions."
with_sentiment,2024-08-09,NVDA,104.75,57521000000.0,4997000000.0,3519000000.0,44.252099233323484,509.3906343806284,723.3375959079284,0.3865960833981481,0.01259446,2024-08-05:100.45|2024-08-06:104.25|2024-08-07:98.91|2024-08-08:104.97|2024-08-09:104.75,sell,0.85,-0.75,"NVDA is significantly overvalued based on extremely high P/E (509x) and P/FCF (723x) multiples, indicating the market is pricing in very aggressive growth that is not supported by current profitability or cash flow generation. Despite positive sentiment signals, the rule-based valuation prior strongly suggests overvaluation. Given the modest operating and net income relative to market cap, a conservative stance favors selling or avoiding new exposure at this price."
